Steps,Policy/Entropy,Environment/Episode Length,Policy/Extrinsic Value Estimate,Environment/Cumulative Reward,Policy/Extrinsic Reward,Is Training
2260000,1.5868065,55.9,0.37846288,0.5517241379310345,0.5517241379310345,1.0
2270000,1.5868065,70.33571428571429,0.39001942,0.624113475177305,0.624113475177305,1.0
2280000,1.5868059,70.26428571428572,0.39249137,0.6142857142857143,0.6142857142857143,1.0
2290000,1.5868059,66.52702702702703,0.430189,0.6351351351351351,0.6351351351351351,1.0
2300000,1.5868057,68.07586206896552,0.38861325,0.6206896551724138,0.6206896551724138,1.0
