{
    "name": "root",
    "gauges": {
        "RollerBall_RollerBall.Policy.Entropy.mean": {
            "value": 1.5868057012557983,
            "min": 1.5868057012557983,
            "max": 1.5868065357208252,
            "count": 5
        },
        "RollerBall_RollerBall.Environment.EpisodeLength.mean": {
            "value": 68.07586206896552,
            "min": 55.9,
            "max": 70.33571428571429,
            "count": 5
        },
        "RollerBall_RollerBall.Policy.ExtrinsicValueEstimate.mean": {
            "value": 0.3886132538318634,
            "min": 0.37846288084983826,
            "max": 0.43018901348114014,
            "count": 5
        },
        "RollerBall_RollerBall.Environment.CumulativeReward.mean": {
            "value": 0.6206896551724138,
            "min": 0.5517241379310345,
            "max": 0.6351351351351351,
            "count": 5
        },
        "RollerBall_RollerBall.Policy.ExtrinsicReward.mean": {
            "value": 0.6206896551724138,
            "min": 0.5517241379310345,
            "max": 0.6351351351351351,
            "count": 5
        },
        "RollerBall_RollerBall.IsTraining.mean": {
            "value": 1.0,
            "min": 1.0,
            "max": 1.0,
            "count": 5
        },
        "RollerBall_RollerBall.Losses.ValueLoss.mean": {
            "value": 0.006174762267619371,
            "min": 0.006174762267619371,
            "max": 0.008086548186838627,
            "count": 4
        },
        "RollerBall_RollerBall.Losses.PolicyLoss.mean": {
            "value": 0.006288824137300253,
            "min": 0.0015586266526952386,
            "max": 0.009379120543599129,
            "count": 4
        },
        "RollerBall_RollerBall.Policy.LearningRate.mean": {
            "value": 9.54032384470338e-06,
            "min": 9.54032384470338e-06,
            "max": 9.54634106165031e-06,
            "count": 4
        }
    },
    "metadata": {
        "timer_format_version": "0.1.0",
        "start_time_seconds": "1589487773",
        "python_version": "3.7.7 (default, Mar 10 2020, 15:43:33) \n[Clang 11.0.0 (clang-1100.0.33.17)]",
        "command_line_arguments": "/usr/local/bin/mlagents-learn configs/rollerball_config.yaml --run-id=RollerBall --resume --env=builds/Cube3_20200514_SceneML",
        "mlagents_version": "0.16.0",
        "mlagents_envs_version": "0.16.0",
        "communication_protocol_version": "1.0.0",
        "tensorflow_version": "2.2.0",
        "end_time_seconds": "1589488002"
    },
    "total": 229.31590668799998,
    "count": 1,
    "self": 0.053439681000014616,
    "children": {
        "run_training.setup": {
            "total": 0.011337817999999888,
            "count": 1,
            "self": 0.011337817999999888
        },
        "TrainerController.start_learning": {
            "total": 229.25112918899998,
            "count": 1,
            "self": 14.70906577300181,
            "children": {
                "TrainerController._reset_env": {
                    "total": 2.805326395,
                    "count": 1,
                    "self": 2.805326395
                },
                "TrainerController.advance": {
                    "total": 211.55111497299816,
                    "count": 44472,
                    "self": 0.5876315689965281,
                    "children": {
                        "env_step": {
                            "total": 210.96348340400164,
                            "count": 44472,
                            "self": 177.39333704500254,
                            "children": {
                                "SubprocessEnvManager._take_step": {
                                    "total": 32.94659320899798,
                                    "count": 44472,
                                    "self": 1.4853852299987125,
                                    "children": {
                                        "NNPolicy.evaluate": {
                                            "total": 31.46120797899927,
                                            "count": 43967,
                                            "self": 31.46120797899927
                                        }
                                    }
                                },
                                "workers": {
                                    "total": 0.6235531500011096,
                                    "count": 44471,
                                    "self": 0.0,
                                    "children": {
                                        "worker_root": {
                                            "total": 227.38831334700123,
                                            "count": 44471,
                                            "is_parallel": true,
                                            "self": 100.13180754000179,
                                            "children": {
                                                "run_training.setup": {
                                                    "total": 0.0,
                                                    "count": 0,
                                                    "is_parallel": true,
                                                    "self": 0.0,
                                                    "children": {
                                                        "steps_from_proto": {
                                                            "total": 0.0007762510000004497,
                                                            "count": 1,
                                                            "is_parallel": true,
                                                            "self": 0.0001673260000005783,
                                                            "children": {
                                                                "_process_vector_observation": {
                                                                    "total": 0.0006089249999998714,
                                                                    "count": 2,
                                                                    "is_parallel": true,
                                                                    "self": 0.0006089249999998714
                                                                }
                                                            }
                                                        },
                                                        "UnityEnvironment.step": {
                                                            "total": 0.015827138999999768,
                                                            "count": 1,
                                                            "is_parallel": true,
                                                            "self": 0.00012070000000008463,
                                                            "children": {
                                                                "UnityEnvironment._generate_step_input": {
                                                                    "total": 0.0001568659999993116,
                                                                    "count": 1,
                                                                    "is_parallel": true,
                                                                    "self": 0.0001568659999993116
                                                                },
                                                                "communicator.exchange": {
                                                                    "total": 0.01533671800000036,
                                                                    "count": 1,
                                                                    "is_parallel": true,