{"count":1,"self":152.2744064,"total":559.135306,"children":{"AgentSendState":{"count":546884,"self":3.452858,"total":5.985766,"children":{"CollectObservations":{"count":109377,"self":0.37923599999999996,"total":0.37923599999999996,"children":null},"CollectDiscreteActionMasks":{"count":109377,"self":0.254972,"total":0.254972,"children":null},"AgentInfo.ToProto":{"count":109377,"self":0.95514899999999991,"total":1.8986999999999998,"children":{"GenerateSensorData":{"count":109377,"self":0.94355099999999992,"total":0.94355099999999992,"children":null}}}}},"DecideAction":{"count":546884,"self":397.7139712,"total":397.71397199999996,"children":null},"AgentAct":{"count":546884,"self":3.156307,"total":3.159131,"children":{"AgentInfo.ToProto":{"count":162,"self":0.001312,"total":0.0028239999999999997,"children":{"GenerateSensorData":{"count":162,"self":0.0015119999999999999,"total":0.0015119999999999999,"children":null}}}}}},"gauges":{"RollerBall.CumulativeReward":{"count":162,"max":2,"min":0,"runningAverage":0.203703716,"value":0,"weightedAverage":0.191731721}},"metadata":{"timer_format_version":"0.1.0","start_time_seconds":"1589489992","unity_version":"2019.3.13f1","command_line_arguments":"\/Users\/dant\/Unity Local\/ML\/builds\/Cube3_20200514_SceneML.app\/Contents\/MacOS\/Cube3 --mlagents-port 5005","communication_protocol_version":"1.0.0","com.unity.ml-agents_version":"1.0.0-preview","scene_name":"SceneML","end_time_seconds":"1589490551"}}